[{"AgeCategory":"18-24","HeartDisease_Yes":130,"HeartDisease_No":20934,"Stroke_Yes":61,"Stroke_No":21003,"Diabetic_Yes":233,"Diabetic_No":20560},{"AgeCategory":"25-29","HeartDisease_Yes":133,"HeartDisease_No":16822,"Stroke_Yes":90,"Stroke_No":16865,"Diabetic_Yes":251,"Diabetic_No":16385},{"AgeCategory":"30-34","HeartDisease_Yes":226,"HeartDisease_No":18527,"Stroke_Yes":131,"Stroke_No":18622,"Diabetic_Yes":474,"Diabetic_No":17769},{"AgeCategory":"35-39","HeartDisease_Yes":296,"HeartDisease_No":20254,"Stroke_Yes":193,"Stroke_No":20357,"Diabetic_Yes":831,"Diabetic_No":19080},{"AgeCategory":"40-44","HeartDisease_Yes":486,"HeartDisease_No":20520,"Stroke_Yes":293,"Stroke_No":20713,"Diabetic_Yes":1303,"Diabetic_No":19053},{"AgeCategory":"45-49","HeartDisease_Yes":744,"HeartDisease_No":21047,"Stroke_Yes":428,"Stroke_No":21363,"Diabetic_Yes":2019,"Diabetic_No":19122},{"AgeCategory":"50-54","HeartDisease_Yes":1383,"HeartDisease_No":23999,"Stroke_Yes":685,"Stroke_No":24697,"Diabetic_Yes":3072,"Diabetic_No":21552},{"AgeCategory":"55-59","HeartDisease_Yes":2202,"HeartDisease_No":27555,"Stroke_Yes":1101,"Stroke_No":28656,"Diabetic_Yes":4417,"Diabetic_No":24416},{"AgeCategory":"60-64","HeartDisease_Yes":3327,"HeartDisease_No":30359,"Stroke_Yes":1483,"Stroke_No":32203,"Diabetic_Yes":5672,"Diabetic_No":26939},{"AgeCategory":"65-69","HeartDisease_Yes":4101,"HeartDisease_No":30050,"Stroke_Yes":1705,"Stroke_No":32446,"Diabetic_Yes":6550,"Diabetic_No":26556},{"AgeCategory":"70-74","HeartDisease_Yes":4847,"HeartDisease_No":26218,"Stroke_Yes":1891,"Stroke_No":29174,"Diabetic_Yes":6761,"Diabetic_No":23269},{"AgeCategory":"75-79","HeartDisease_Yes":4049,"HeartDisease_No":17433,"Stroke_Yes":1710,"Stroke_No":19772,"Diabetic_Yes":4791,"Diabetic_No":16024},{"AgeCategory":"80 or older","HeartDisease_Yes":5449,"HeartDisease_No":18704,"Stroke_Yes":2298,"Stroke_No":21855,"Diabetic_Yes":4428,"Diabetic_No":18928}]